{
	"credit": "Made with Blockbench",
	"texture_size": [128, 128],
	"textures": {
		"1": "cgm:items/long_scope",
		"2": "cgm:effect/long_scope_reticle",
		"3": "cgm:effect/long_scope_reticle2",
		"particle": "cgm:items/long_scope"
	},
	"elements": [
		{
			"from": [7.45, 8.85, 8],
			"to": [8.55, 9.95, 8],
			"rotation": {"angle": 0, "axis": "y", "origin": [0, 0, 0.25]},
			"faces": {
				"south": {"uv": [0, 0, 15.875, 15.875], "texture": "#3"}
			}
		},
		{
			"from": [7.79289, 10.25, 7.35],
			"to": [8.20711, 10.649, 8.35],
			"rotation": {"angle": 45, "axis": "y", "origin": [8, 7.95, 7.85]},
			"faces": {
				"north": {"uv": [0, 11, 1, 12], "texture": "#1"},
				"south": {"uv": [0, 11, 1, 12], "texture": "#1"},
				"up": {"uv": [0, 11, 1, 12], "texture": "#1"},
				"down": {"uv": [0, 11, 1, 12], "texture": "#1"}
			}
		},
		{
			"from": [7.79289, 10.25, 7.35],
			"to": [8.20711, 10.651, 8.35],
			"rotation": {"angle": 0, "axis": "y", "origin": [8, 7.95, 7.85]},
			"faces": {
				"north": {"uv": [0, 11, 1, 12], "texture": "#1"},
				"south": {"uv": [0, 11, 1, 12], "texture": "#1"},
				"up": {"uv": [0, 11, 1, 12], "texture": "#1"},
				"down": {"uv": [0, 11, 1, 12], "texture": "#1"}
			}
		},
		{
			"from": [7.5, 10.25, 7.64289],
			"to": [8.5, 10.649, 8.05711],
			"rotation": {"angle": 45, "axis": "y", "origin": [8, 7.95, 7.85]},
			"faces": {
				"east": {"uv": [0, 11, 1, 12], "texture": "#1"},
				"west": {"uv": [0, 11, 1, 12], "texture": "#1"},
				"up": {"uv": [0, 11, 1, 12], "texture": "#1"},
				"down": {"uv": [0, 11, 1, 12], "texture": "#1"}
			}
		},
		{
			"from": [7.5, 10.25, 7.64289],
			"to": [8.5, 10.65, 8.05711],
			"rotation": {"angle": 0, "axis": "y", "origin": [8, 7.95, 7.85]},
			"faces": {
				"east": {"uv": [0, 11, 1, 12], "texture": "#1"},
				"west": {"uv": [0, 11, 1, 12], "texture": "#1"},
				"up": {"uv": [0, 11, 1, 12], "texture": "#1"},
				"down": {"uv": [0, 11, 1, 12], "texture": "#1"}
			}
		},
		{
			"from": [7.79289, 10.15, 7.65],
			"to": [8.20711, 10.25, 8.05],
			"rotation": {"angle": 0, "axis": "y", "origin": [8, 7.95, 7.85]},
			"faces": {
				"north": {"uv": [1, 11, 2, 12], "texture": "#1"},
				"east": {"uv": [1, 11, 2, 12], "texture": "#1"},
				"south": {"uv": [1, 11, 2, 12], "texture": "#1"},
				"west": {"uv": [1, 11, 2, 12], "texture": "#1"}
			}
		},
		{
			"from": [6.749, 9.24467, 7.475],
			"to": [7.149, 9.55533, 8.225],
			"rotation": {"angle": 0, "axis": "y", "origin": [6.65, 9.4, 7.85]},
			"faces": {
				"north": {"uv": [0, 12, 1, 11], "rotation": 270, "texture": "#1"},
				"east": {"uv": [0, 12, 1, 11], "rotation": 90, "texture": "#1"},
				"south": {"uv": [0, 12, 1, 11], "rotation": 90, "texture": "#1"},
				"west": {"uv": [0, 12, 1, 11], "rotation": 90, "texture": "#1"}
			}
		},
		{
			"from": [6.75, 9.025, 7.69467],
			"to": [7.15, 9.775, 8.00533],
			"rotation": {"angle": 0, "axis": "y", "origin": [6.65, 9.4, 7.85]},
			"faces": {
				"east": {"uv": [0, 12, 1, 11], "rotation": 90, "texture": "#1"},
				"west": {"uv": [0, 12, 1, 11], "rotation": 90, "texture": "#1"},
				"up": {"uv": [0, 12, 1, 11], "rotation": 90, "texture": "#1"},
				"down": {"uv": [0, 12, 1, 11], "rotation": 90, "texture": "#1"}
			}
		},
		{
			"from": [6.751, 9.24467, 7.475],
			"to": [7.149, 9.55533, 8.225],
			"rotation": {"angle": 45, "axis": "x", "origin": [6.65, 9.4, 7.85]},
			"faces": {
				"north": {"uv": [0, 12, 1, 11], "rotation": 270, "texture": "#1"},
				"east": {"uv": [0, 12, 1, 11], "rotation": 90, "texture": "#1"},
				"south": {"uv": [0, 12, 1, 11], "rotation": 90, "texture": "#1"},
				"west": {"uv": [0, 12, 1, 11], "rotation": 90, "texture": "#1"}
			}
		},
		{
			"from": [6.751, 9.025, 7.69467],
			"to": [7.149, 9.775, 8.00533],
			"rotation": {"angle": 45, "axis": "x", "origin": [6.65, 9.4, 7.85]},
			"faces": {
				"east": {"uv": [0, 12, 1, 11], "rotation": 90, "texture": "#1"},
				"west": {"uv": [0, 12, 1, 11], "rotation": 90, "texture": "#1"},
				"up": {"uv": [0, 12, 1, 11], "rotation": 90, "texture": "#1"},
				"down": {"uv": [0, 12, 1, 11], "rotation": 90, "texture": "#1"}
			}
		},
		{
			"from": [7.15, 9.19289, 7.65],
			"to": [7.25, 9.60711, 8.05],
			"rotation": {"angle": 0, "axis": "y", "origin": [9.45, 9.4, 8.95]},
			"faces": {
				"north": {"uv": [1, 12, 2, 11], "rotation": 270, "texture": "#1"},
				"south": {"uv": [1, 12, 2, 11], "rotation": 90, "texture": "#1"},
				"up": {"uv": [1, 12, 2, 11], "rotation": 90, "texture": "#1"},
				"down": {"uv": [1, 12, 2, 11], "rotation": 90, "texture": "#1"}
			}
		},
		{
			"from": [7.245, 9.85, 7.1],
			"to": [7.55, 10.155, 8.6],
			"rotation": {"angle": 0, "axis": "y", "origin": [7.77259, 10.075, 7.85]},
			"faces": {
				"north": {"uv": [0, 0, 1, 2], "rotation": 270, "texture": "#1", "tintindex": 0},
				"south": {"uv": [0, 0, 1, 2], "rotation": 90, "texture": "#1", "tintindex": 0},
				"west": {"uv": [6, 3, 8, 4], "texture": "#1", "tintindex": 0},
				"up": {"uv": [6, 3, 8, 4], "rotation": 90, "texture": "#1", "tintindex": 0}
			}
		},
		{
			"from": [7.245, 8.95, 7.1],
			"to": [7.4, 9.85, 8.6],
			"rotation": {"angle": 0, "axis": "y", "origin": [0, 0, -0.25]},
			"faces": {
				"north": {"uv": [0, 0, 1, 2], "texture": "#1", "tintindex": 0},
				"south": {"uv": [0, 0, 1, 2], "texture": "#1", "tintindex": 0},
				"west": {"uv": [6, 4, 8, 6], "texture": "#1", "tintindex": 0}
			}
		},
		{
			"from": [7.245, 8.645, 7.1],
			"to": [7.6, 8.95, 8.6],
			"rotation": {"angle": 0, "axis": "y", "origin": [7.77259, 8.82, 7.85]},
			"faces": {
				"north": {"uv": [0, 0, 1, 2], "rotation": 270, "texture": "#1", "tintindex": 0},
				"south": {"uv": [0, 0, 1, 2], "rotation": 90, "texture": "#1", "tintindex": 0},
				"west": {"uv": [9, 6, 11, 7], "texture": "#1", "tintindex": 0},
				"up": {"uv": [6, 3, 8, 4], "rotation": 90, "texture": "#1", "tintindex": 0},
				"down": {"uv": [6, 8, 8, 7], "rotation": 90, "texture": "#1", "tintindex": 0}
			}
		},
		{
			"from": [8.45, 9.85, 7.1],
			"to": [8.755, 10.155, 8.6],
			"rotation": {"angle": 0, "axis": "y", "origin": [8.22741, 10.075, 7.85]},
			"faces": {
				"north": {"uv": [0, 2, 1, 0], "rotation": 270, "texture": "#1", "tintindex": 0},
				"east": {"uv": [8, 3, 6, 4], "texture": "#1", "tintindex": 0},
				"south": {"uv": [0, 2, 1, 0], "rotation": 90, "texture": "#1", "tintindex": 0},
				"up": {"uv": [6, 4, 8, 3], "rotation": 90, "texture": "#1", "tintindex": 0}
			}
		},
		{
			"from": [7.55, 10, 7.1],
			"to": [8.45, 10.155, 8.6],
			"rotation": {"angle": 0, "axis": "y", "origin": [8.02259, 10.075, 7.85]},
			"faces": {
				"north": {"uv": [0, 0, 1, 2], "rotation": 270, "texture": "#1", "tintindex": 0},
				"south": {"uv": [0, 0, 1, 2], "rotation": 90, "texture": "#1", "tintindex": 0},
				"up": {"uv": [6, 3, 8, 5], "texture": "#1", "tintindex": 0}
			}
		},
		{
			"from": [8.6, 8.95, 7.1],
			"to": [8.755, 9.85, 8.6],
			"rotation": {"angle": 0, "axis": "y", "origin": [16, 0, -0.25]},
			"faces": {
				"north": {"uv": [1, 0, 0, 2], "texture": "#1", "tintindex": 0},
				"east": {"uv": [10, 4, 8, 6], "texture": "#1", "tintindex": 0},
				"south": {"uv": [1, 0, 0, 2], "texture": "#1", "tintindex": 0}
			}
		},
		{
			"from": [8.4, 8.645, 7.1],
			"to": [8.755, 8.95, 8.6],
			"rotation": {"angle": 0, "axis": "y", "origin": [8.22741, 8.82, 7.85]},
			"faces": {
				"north": {"uv": [0, 2, 1, 0], "rotation": 270, "texture": "#1", "tintindex": 0},
				"east": {"uv": [12, 6, 10, 7], "texture": "#1", "tintindex": 0},
				"south": {"uv": [0, 2, 1, 0], "rotation": 90, "texture": "#1", "tintindex": 0},
				"up": {"uv": [6, 4, 8, 3], "rotation": 90, "texture": "#1", "tintindex": 0},
				"down": {"uv": [6, 8, 8, 7], "rotation": 90, "texture": "#1", "tintindex": 0}
			}
		},
		{
			"from": [7.25009, 9.01854, 4.85],
			"to": [7.45009, 9.78129, 9.75],
			"rotation": {"angle": 0, "axis": "y", "origin": [0, 0, -0.25]},
			"faces": {
				"north": {"uv": [0, 0, 1, 1], "texture": "#1", "tintindex": 0},
				"east": {"uv": [1, 13, 14, 15], "texture": "#1", "tintindex": 0},
				"west": {"uv": [0, 4, 14, 6], "texture": "#1", "tintindex": 0}
			}
		},
		{
			"from": [7.15, 9.11863, 4.851],
			"to": [7.35, 9.63983, 9.749],
			"rotation": {"angle": 45, "axis": "z", "origin": [7.95, 9.45, 7.75]},
			"faces": {
				"north": {"uv": [0, 0, 1, 1], "texture": "#1", "tintindex": 0},
				"east": {"uv": [1, 13, 14, 15], "texture": "#1", "tintindex": 0},
				"west": {"uv": [0, 6, 14, 7], "texture": "#1", "tintindex": 0}
			}
		},
		{
			"from": [7.61863, 8.65, 4.85],
			"to": [8.38137, 8.85, 9.75],
			"rotation": {"angle": 0, "axis": "y", "origin": [8, 9, 7.75]},
			"faces": {
				"north": {"uv": [0, 0, 1, 1], "texture": "#1", "tintindex": 0},
				"up": {"uv": [1, 13, 14, 15], "rotation": 270, "texture": "#1", "tintindex": 0},
				"down": {"uv": [14, 7, 0, 9], "rotation": 90, "texture": "#1", "tintindex": 0}
			}
		},
		{
			"from": [8.65, 9.11863, 4.851],
			"to": [8.85, 9.63983, 9.749],
			"rotation": {"angle": -45, "axis": "z", "origin": [8.05, 9.45, 7.75]},
			"faces": {
				"north": {"uv": [1, 0, 0, 1], "texture": "#1", "tintindex": 0},
				"east": {"uv": [14, 6, 0, 7], "texture": "#1", "tintindex": 0},
				"west": {"uv": [14, 13, 1, 15], "texture": "#1", "tintindex": 0}
			}
		},
		{
			"from": [8.54991, 9.01854, 4.85],
			"to": [8.74991, 9.78129, 9.75],
			"rotation": {"angle": 0, "axis": "y", "origin": [7.94991, 9.44991, 7.75]},
			"faces": {
				"north": {"uv": [1, 0, 0, 1], "texture": "#1", "tintindex": 0},
				"east": {"uv": [14, 4, 0, 6], "texture": "#1", "tintindex": 0},
				"west": {"uv": [14, 13, 1, 15], "texture": "#1", "tintindex": 0}
			}
		},
		{
			"from": [7.76009, 10.04991, 4.851],
			"to": [8.28129, 10.24991, 9.749],
			"rotation": {"angle": -45, "axis": "z", "origin": [7.94991, 9.44991, 7.75]},
			"faces": {
				"north": {"uv": [1, 0, 0, 1], "texture": "#1", "tintindex": 0},
				"up": {"uv": [0, 4, 14, 3], "rotation": 90, "texture": "#1", "tintindex": 0},
				"down": {"uv": [14, 13, 1, 15], "rotation": 270, "texture": "#1", "tintindex": 0}
			}
		},
		{
			"from": [7.61863, 9.94983, 4.85],
			"to": [8.38137, 10.14983, 9.75],
			"rotation": {"angle": 0, "axis": "y", "origin": [8.05, 10.74983, 7.75]},
			"faces": {
				"north": {"uv": [0, 0, 1, 1], "texture": "#1", "tintindex": 0},
				"up": {"uv": [0, 0, 14, 2], "rotation": 90, "texture": "#1", "tintindex": 0},
				"down": {"uv": [1, 13, 14, 15], "rotation": 90, "texture": "#1", "tintindex": 0}
			}
		},
		{
			"from": [7.71871, 10.04991, 4.851],
			"to": [8.23991, 10.24991, 9.749],
			"rotation": {"angle": 45, "axis": "z", "origin": [8.05009, 9.44991, 7.75]},
			"faces": {
				"north": {"uv": [0, 0, 1, 1], "texture": "#1", "tintindex": 0},
				"up": {"uv": [0, 3, 14, 4], "rotation": 90, "texture": "#1", "tintindex": 0},
				"down": {"uv": [1, 13, 14, 15], "rotation": 90, "texture": "#1", "tintindex": 0}
			}
		},
		{
			"from": [7.10009, 8.95854, 9.18],
			"to": [7.44509, 9.84129, 11.48],
			"rotation": {"angle": 0, "axis": "y", "origin": [0, 0, 16.48]},
			"faces": {
				"north": {"uv": [1, 0, 0, 1], "texture": "#1", "tintindex": 0},
				"east": {"uv": [0, 13, 6, 15], "texture": "#1", "tintindex": 0},
				"south": {"uv": [1, 0, 0, 1], "texture": "#1", "tintindex": 0},
				"west": {"uv": [5, 4, 0, 6], "texture": "#1", "tintindex": 0}
			}
		},
		{
			"from": [7.655, 10.055, 9.179],
			"to": [8.305, 10.398, 11.479],
			"rotation": {"angle": 45, "axis": "z", "origin": [8.05009, 9.44991, 8.48]},
			"faces": {
				"north": {"uv": [1, 0, 0, 1], "texture": "#1", "tintindex": 0},
				"south": {"uv": [1, 0, 0, 1], "texture": "#1", "tintindex": 0},
				"up": {"uv": [5, 3, 0, 4], "rotation": 90, "texture": "#1", "tintindex": 0},
				"down": {"uv": [0, 13, 6, 15], "rotation": 90, "texture": "#1", "tintindex": 0}
			}
		},
		{
			"from": [7.55863, 9.95483, 9.18],
			"to": [8.44137, 10.29983, 11.48],
			"rotation": {"angle": 0, "axis": "y", "origin": [8.05, 10.74983, 8.48]},
			"faces": {
				"north": {"uv": [1, 0, 0, 1], "texture": "#1", "tintindex": 0},
				"south": {"uv": [1, 0, 0, 1], "texture": "#1", "tintindex": 0},
				"up": {"uv": [5, 0, 0, 2], "rotation": 90, "texture": "#1", "tintindex": 0},
				"down": {"uv": [0, 13, 6, 15], "rotation": 90, "texture": "#1", "tintindex": 0}
			}
		},
		{
			"from": [7.697, 10.055, 9.179],
			"to": [8.347, 10.398, 11.479],
			"rotation": {"angle": -45, "axis": "z", "origin": [7.94991, 9.44991, 8.48]},
			"faces": {
				"north": {"uv": [0, 0, 1, 1], "texture": "#1", "tintindex": 0},
				"south": {"uv": [0, 0, 1, 1], "texture": "#1", "tintindex": 0},
				"up": {"uv": [5, 4, 0, 3], "rotation": 90, "texture": "#1", "tintindex": 0},
				"down": {"uv": [0, 13, 6, 15], "rotation": 90, "texture": "#1", "tintindex": 0}
			}
		},
		{
			"from": [8.55491, 8.95854, 9.18],
			"to": [8.89991, 9.84129, 11.48],
			"rotation": {"angle": 0, "axis": "y", "origin": [7.94991, 9.44991, 8.48]},
			"faces": {
				"north": {"uv": [0, 0, 1, 1], "texture": "#1", "tintindex": 0},
				"east": {"uv": [0, 4, 5, 6], "texture": "#1", "tintindex": 0},
				"south": {"uv": [0, 0, 1, 1], "texture": "#1", "tintindex": 0},
				"west": {"uv": [0, 13, 6, 15], "rotation": 180, "texture": "#1", "tintindex": 0}
			}
		},
		{
			"from": [8.655, 9.053, 9.179],
			"to": [8.998, 9.703, 11.479],
			"rotation": {"angle": -45, "axis": "z", "origin": [8.05, 9.45, 8.48]},
			"faces": {
				"north": {"uv": [0, 0, 1, 1], "texture": "#1", "tintindex": 0},
				"east": {"uv": [0, 6, 5, 7], "texture": "#1", "tintindex": 0},
				"south": {"uv": [0, 0, 1, 1], "texture": "#1", "tintindex": 0},
				"west": {"uv": [0, 13, 6, 15], "rotation": 180, "texture": "#1", "tintindex": 0}
			}
		},
		{
			"from": [7.55863, 8.5, 9.18],
			"to": [8.44137, 8.845, 11.48],
			"rotation": {"angle": 0, "axis": "y", "origin": [8, 9, 8.48]},
			"faces": {
				"north": {"uv": [1, 0, 0, 1], "texture": "#1", "tintindex": 0},
				"south": {"uv": [1, 0, 0, 1], "texture": "#1", "tintindex": 0},
				"up": {"uv": [0, 13, 6, 15], "rotation": 270, "texture": "#1", "tintindex": 0},
				"down": {"uv": [0, 7, 5, 9], "rotation": 90, "texture": "#1", "tintindex": 0}
			}
		},
		{
			"from": [7.002, 9.0536, 9.179],
			"to": [7.345, 9.7036, 11.479],
			"rotation": {"angle": 45, "axis": "z", "origin": [7.95, 9.45, 8.48]},
			"faces": {
				"north": {"uv": [1, 0, 0, 1], "texture": "#1", "tintindex": 0},
				"east": {"uv": [0, 13, 6, 15], "texture": "#1", "tintindex": 0},
				"south": {"uv": [1, 0, 0, 1], "texture": "#1", "tintindex": 0},
				"west": {"uv": [5, 6, 0, 7], "texture": "#1", "tintindex": 0}
			}
		},
		{
			"from": [7.525, 8, 6.875],
			"to": [8.475, 8.8, 8.825],
			"rotation": {"angle": 0, "axis": "y", "origin": [0, 0, -0.25]},
			"faces": {
				"east": {"uv": [3, 9, 9, 11], "texture": "#1", "tintindex": 0},
				"west": {"uv": [9, 9, 3, 11], "texture": "#1", "tintindex": 0},
				"down": {"uv": [9, 11, 3, 13], "texture": "#1", "tintindex": 0}
			}
		},
		{
			"from": [7.526, 7.9353, 8.75028],
			"to": [8.474, 8.7353, 9.15028],
			"rotation": {"angle": 22.5, "axis": "x", "origin": [8, 8.7853, 9.15028]},
			"faces": {
				"east": {"uv": [9, 9, 10, 11], "texture": "#1", "tintindex": 0},
				"south": {"uv": [10, 9, 12, 11], "texture": "#1", "tintindex": 0},
				"west": {"uv": [10, 9, 9, 11], "texture": "#1", "tintindex": 0}
			}
		},
		{
			"from": [7.526, 7.9353, 6.54972],
			"to": [8.474, 8.7353, 6.94972],
			"rotation": {"angle": -22.5, "axis": "x", "origin": [8, 8.7853, 6.54972]},
			"faces": {
				"north": {"uv": [2, 9, 0, 11], "texture": "#1", "tintindex": 0},
				"east": {"uv": [3, 9, 2, 11], "texture": "#1", "tintindex": 0},
				"west": {"uv": [2, 9, 3, 11], "texture": "#1", "tintindex": 0}
			}
		},
		{
			"name": "lit_sight",
			"from": [7.975, 9.375, 8.005],
			"to": [8.025, 9.425, 8.005],
			"rotation": {"angle": 0, "axis": "y", "origin": [0, 0, 0.25]},
			"faces": {
				"south": {"uv": [15.375, 15.375, 16, 16], "texture": "#2", "tintindex": 2, "emissivity": 7}
			}
		}
	],
	"display": {
		"thirdperson_righthand": {
			"translation": [0, -0.5, 0],
			"scale": [1.5, 1.5, 1.5]
		},
		"firstperson_righthand": {
			"rotation": [-41, 0, 0],
			"translation": [-4.25, 4.25, 6.5]
		},
		"ground": {
			"translation": [0, -3, 0],
			"scale": [1.5, 1.5, 1.5]
		},
		"gui": {
			"rotation": [30, 225, 0],
			"translation": [0.5, -3.25, 0],
			"scale": [2.5, 2.5, 2.5]
		},
		"fixed": {
			"rotation": [0, 90, 0],
			"translation": [-0.25, -3.5, -2.5],
			"scale": [3, 3, 3]
		}
	},
	"groups": [
		0,
		1,
		{
			"name": "top_knob",
			"origin": [8, 8.15, 8.1],
			"color": 0,
			"children": [2, 3, 4, 5, 6]
		},
		{
			"name": "side_knob",
			"origin": [9.45, 9.4, 10.05],
			"color": 0,
			"children": [7, 8, 9, 10, 11]
		},
		{
			"name": "scope_center",
			"origin": [8.22741, 8.82, 7.6],
			"color": 0,
			"children": [12, 13, 14, 15, 16, 17, 18]
		},
		{
			"name": "scope_body",
			"origin": [8.05009, 9.44991, 8],
			"color": 0,
			"children": [19, 20, 21, 22, 23, 24, 25, 26]
		},
		{
			"name": "scope_back",
			"origin": [7.95, 9.45, 7.5],
			"color": 0,
			"children": [27, 28, 29, 30, 31, 32, 33, 34]
		},
		{
			"name": "base",
			"origin": [8, 8.7853, 6.59972],
			"color": 0,
			"children": [35, 36, 37]
		}
	]
}