{
	"credit": "Made with Blockbench",
	"textures": {
		"1": "cgm:items/weighted_stock"
	},
	"elements": [
		{
			"from": [7.74999, 8.17933, 8],
			"to": [8.25, 8.55, 12],
			"rotation": {"angle": 0, "axis": "y", "origin": [8, 12.45, -0.2]},
			"faces": {
				"north": {"uv": [0, 1, 1, 2], "texture": "#1", "tintindex": 0},
				"up": {"uv": [0, 0, 8, 1], "rotation": 90, "texture": "#1", "tintindex": 0}
			}
		},
		{
			"from": [7.75, 7.37938, 8],
			"to": [8.25, 7.75005, 12],
			"rotation": {"angle": 0, "axis": "y", "origin": [8, 3.47938, -0.2]},
			"faces": {
				"north": {"uv": [0, 2, 1, 1], "texture": "#1", "tintindex": 0},
				"down": {"uv": [8, 3, 0, 4], "rotation": 90, "texture": "#1", "tintindex": 0}
			}
		},
		{
			"from": [7.74999, 4.82938, 10.5],
			"to": [8.25, 5.20005, 12.5],
			"rotation": {"angle": 0, "axis": "y", "origin": [8, 0.92938, 0.3]},
			"faces": {
				"north": {"uv": [0, 2, 1, 1], "texture": "#1", "tintindex": 0},
				"down": {"uv": [7, 1, 3, 2], "rotation": 90, "texture": "#1", "tintindex": 0}
			}
		},
		{
			"from": [7.74999, 5.74995, 11],
			"to": [8.25, 6.12062, 12],
			"rotation": {"angle": 0, "axis": "y", "origin": [8, 10.02062, 0.3]},
			"faces": {
				"up": {"uv": [5, 1, 7, 2], "rotation": 90, "texture": "#1", "tintindex": 0}
			}
		},
		{
			"from": [8.47905, 8.32845, 8.001],
			"to": [9.00325, 8.60115, 12.001],
			"rotation": {"angle": 45, "axis": "z", "origin": [8.43837, 7.06276, 9.8]},
			"faces": {
				"north": {"uv": [0, 1, 1, 2], "texture": "#1", "tintindex": 0},
				"up": {"uv": [0, 1, 8, 2], "rotation": 90, "texture": "#1", "tintindex": 0}
			}
		},
		{
			"from": [8.47905, 7.32823, 8.001],
			"to": [9.00325, 7.60093, 12.001],
			"rotation": {"angle": -45, "axis": "z", "origin": [8.43837, 8.86662, 9.8]},
			"faces": {
				"north": {"uv": [0, 2, 1, 1], "texture": "#1", "tintindex": 0},
				"south": {"uv": [0, 0, 0, 0], "texture": "#1"},
				"down": {"uv": [8, 3, 0, 4], "rotation": 90, "texture": "#1", "tintindex": 0}
			}
		},
		{
			"from": [8.47905, 4.77823, 10.501],
			"to": [9.00325, 5.05093, 12.501],
			"rotation": {"angle": -45, "axis": "z", "origin": [8.43837, 6.31662, 10.3]},
			"faces": {
				"north": {"uv": [0, 2, 1, 1], "texture": "#1", "tintindex": 0},
				"down": {"uv": [8, 2, 4, 3], "rotation": 90, "texture": "#1", "tintindex": 0}
			}
		},
		{
			"from": [7.37933, 7.75005, 7.999],
			"to": [8.62067, 8.17933, 9.5],
			"rotation": {"angle": 0, "axis": "y", "origin": [7.99995, 8.00005, 8]},
			"faces": {
				"north": {"uv": [0, 1, 1, 2], "texture": "#1", "tintindex": 0},
				"east": {"uv": [0, 3, 2, 2], "rotation": 180, "texture": "#1", "tintindex": 0},
				"west": {"uv": [0, 2, 2, 3], "texture": "#1", "tintindex": 0}
			}
		},
		{
			"from": [7.37933, 5.20005, 10.5],
			"to": [8.62067, 5.75005, 12.5],
			"rotation": {"angle": 0, "axis": "y", "origin": [7.99995, 5.42933, 8.5]},
			"faces": {
				"north": {"uv": [0, 2, 1, 1], "texture": "#1", "tintindex": 0},
				"east": {"uv": [3, 4, 7, 3], "rotation": 180, "texture": "#1", "tintindex": 0},
				"west": {"uv": [3, 4, 7, 3], "texture": "#1", "tintindex": 0}
			}
		},
		{
			"from": [7.3811, 4.65009, 7.76154],
			"to": [8.6191, 5.25005, 9.95],
			"rotation": {"angle": 45, "axis": "x", "origin": [8.00005, 4.75005, 12.1]},
			"faces": {
				"east": {"uv": [5, 4, 8, 3], "rotation": 180, "texture": "#1", "tintindex": 0},
				"west": {"uv": [5, 3, 8, 4], "texture": "#1", "tintindex": 0},
				"down": {"uv": [2, 3, 5, 4], "rotation": 90, "texture": "#1", "tintindex": 0}
			}
		},
		{
			"from": [7.7511, 4.15009, 7.76154],
			"to": [8.2491, 4.65005, 10.45],
			"rotation": {"angle": 45, "axis": "x", "origin": [8.00005, 4.75005, 12.1]},
			"faces": {
				"east": {"uv": [0.5, 2, 3.5, 3], "texture": "#1", "tintindex": 0},
				"west": {"uv": [0.5, 2, 3.5, 3], "rotation": 180, "texture": "#1", "tintindex": 0},
				"down": {"uv": [0.5, 2, 3.5, 3], "rotation": 90, "texture": "#1", "tintindex": 0}
			}
		},
		{
			"from": [7.3811, 5.25009, 8.26154],
			"to": [8.6191, 5.75005, 9.35],
			"rotation": {"angle": 45, "axis": "x", "origin": [8.00005, 4.75005, 12.1]},
			"faces": {
				"east": {"uv": [0, 4, 3, 3], "rotation": 180, "texture": "#1", "tintindex": 0},
				"west": {"uv": [0, 3, 3, 4], "texture": "#1", "tintindex": 0}
			}
		},
		{
			"from": [7.37933, 5.75005, 10.5],
			"to": [8.62067, 7.75005, 11],
			"rotation": {"angle": 0, "axis": "y", "origin": [7.99995, 5.92933, 8.5]},
			"faces": {
				"north": {"uv": [2, 7, 3, 4], "texture": "#1", "tintindex": 0},
				"east": {"uv": [2, 7, 3, 4], "rotation": 180, "texture": "#1", "tintindex": 0},
				"south": {"uv": [4, 4, 6, 7], "texture": "#1", "tintindex": 0},
				"west": {"uv": [2, 7, 3, 4], "texture": "#1", "tintindex": 0}
			}
		},
		{
			"from": [7.37933, 5.75005, 12],
			"to": [8.62067, 7.75005, 12.5],
			"rotation": {"angle": 0, "axis": "y", "origin": [7.99995, 5.92933, 10]},
			"faces": {
				"north": {"uv": [0, 7, 2, 4], "texture": "#1", "tintindex": 0},
				"east": {"uv": [3, 7, 4, 4], "rotation": 180, "texture": "#1", "tintindex": 0},
				"west": {"uv": [3, 7, 4, 4], "texture": "#1", "tintindex": 0}
			}
		},
		{
			"from": [7.37933, 5.75005, 11],
			"to": [8.62067, 7.75005, 12],
			"rotation": {"angle": 0, "axis": "y", "origin": [7.99995, 5.92933, 11]},
			"faces": {
				"north": {"uv": [0, 7, 2, 4], "texture": "#1", "tintindex": 0},
				"east": {"uv": [3, 7, 4, 3], "texture": "#1", "tintindex": 0},
				"west": {"uv": [3, 7, 4, 3], "texture": "#1", "tintindex": 0}
			}
		},
		{
			"from": [6.99675, 8.32845, 8.001],
			"to": [7.52095, 8.60115, 12.001],
			"rotation": {"angle": -45, "axis": "z", "origin": [7.56163, 7.06276, 9.8]},
			"faces": {
				"north": {"uv": [0, 1, 1, 2], "texture": "#1", "tintindex": 0},
				"up": {"uv": [0, 1, 8, 2], "rotation": 90, "texture": "#1", "tintindex": 0}
			}
		},
		{
			"from": [6.99675, 7.32823, 8.001],
			"to": [7.52095, 7.60093, 12.001],
			"rotation": {"angle": 45, "axis": "z", "origin": [7.56163, 8.86662, 9.8]},
			"faces": {
				"north": {"uv": [0, 2, 1, 1], "texture": "#1", "tintindex": 0},
				"down": {"uv": [8, 3, 0, 4], "rotation": 90, "texture": "#1", "tintindex": 0}
			}
		},
		{
			"from": [6.99675, 4.77823, 10.501],
			"to": [7.52095, 5.05093, 12.501],
			"rotation": {"angle": 45, "axis": "z", "origin": [7.56163, 6.31662, 10.3]},
			"faces": {
				"north": {"uv": [0, 2, 1, 1], "texture": "#1", "tintindex": 0},
				"down": {"uv": [8, 2, 4, 3], "rotation": 90, "texture": "#1", "tintindex": 0}
			}
		},
		{
			"from": [7.75, 8.55433, 12.5],
			"to": [8.24996, 8.92504, 13.5],
			"rotation": {"angle": 0, "axis": "y", "origin": [8, 12.62509, 0.7]},
			"faces": {
				"north": {"uv": [8, 1, 9, 2], "texture": "#1"},
				"south": {"uv": [10, 1, 12, 2], "texture": "#1"},
				"west": {"uv": [0, 0, 0, 0], "texture": "#1"},
				"up": {"uv": [8, 1, 10, 2], "rotation": 90, "texture": "#1"}
			}
		},
		{
			"from": [7.75004, 4.50434, 12.5],
			"to": [8.24996, 4.87505, 13.5],
			"rotation": {"angle": 0, "axis": "y", "origin": [8.00004, 0.80429, 0.7]},
			"faces": {
				"north": {"uv": [8, 1, 9, 2], "texture": "#1"},
				"south": {"uv": [10, 2, 12, 1], "texture": "#1"},
				"down": {"uv": [10, 1, 8, 2], "rotation": 90, "texture": "#1"}
			}
		},
		{
			"from": [14.63082, 6.15537, 12.501],
			"to": [15.15508, 6.42801, 13.499],
			"rotation": {"angle": 45, "axis": "z", "origin": [8.43837, -1.26215, 11.8]},
			"faces": {
				"north": {"uv": [8, 2, 9, 3], "texture": "#1"},
				"south": {"uv": [9, 1, 10, 2], "texture": "#1"},
				"up": {"uv": [8, 2, 10, 3], "rotation": 90, "texture": "#1"}
			}
		},
		{
			"from": [14.63082, 7.00138, 12.501],
			"to": [15.15508, 7.27401, 13.499],
			"rotation": {"angle": -45, "axis": "z", "origin": [8.43837, 14.69153, 11.8]},
			"faces": {
				"north": {"uv": [8, 2, 9, 3], "texture": "#1"},
				"south": {"uv": [9, 2, 10, 1], "texture": "#1"},
				"down": {"uv": [10, 2, 8, 3], "rotation": 90, "texture": "#1"}
			}
		},
		{
			"from": [7.37933, 4.87505, 12.5],
			"to": [8.62067, 8.55433, 13.5],
			"rotation": {"angle": 0, "axis": "y", "origin": [8.05005, 12.20005, 0.7]},
			"faces": {
				"north": {"uv": [7, 4, 9, 10], "texture": "#1"},
				"east": {"uv": [8, 9.5, 10, 3.5], "rotation": 180, "texture": "#1"},
				"south": {"uv": [10, 3.5, 13, 9.5], "texture": "#1"},
				"west": {"uv": [8, 3.5, 10, 9.5], "texture": "#1"}
			}
		},
		{
			"from": [0.84492, 6.15537, 12.501],
			"to": [1.36918, 6.42801, 13.499],
			"rotation": {"angle": -45, "axis": "z", "origin": [7.56163, -1.26215, 11.8]},
			"faces": {
				"north": {"uv": [8, 2, 9, 3], "texture": "#1"},
				"south": {"uv": [12, 1, 13, 2], "texture": "#1"},
				"up": {"uv": [8, 2, 10, 3], "rotation": 90, "texture": "#1"}
			}
		},
		{
			"from": [0.84492, 7.00138, 12.501],
			"to": [1.36918, 7.27401, 13.499],
			"rotation": {"angle": 45, "axis": "z", "origin": [7.56163, 14.69153, 11.8]},
			"faces": {
				"north": {"uv": [8, 2, 9, 3], "texture": "#1"},
				"south": {"uv": [12, 2, 13, 1], "texture": "#1"},
				"down": {"uv": [10, 2, 8, 3], "rotation": 90, "texture": "#1"}
			}
		},
		{
			"from": [7.74737, 8.42696, 8.97499],
			"to": [8.24737, 8.69966, 9.49919],
			"rotation": {"angle": -22.5, "axis": "x", "origin": [7.99837, 8.70276, 9.5]},
			"faces": {
				"east": {"uv": [0, 2, 1, 3], "texture": "#1", "tintindex": 0},
				"west": {"uv": [0, 2, 1, 3], "rotation": 180, "texture": "#1", "tintindex": 0},
				"up": {"uv": [0, 1, 1, 2], "rotation": 180, "texture": "#1", "tintindex": 0}
			}
		},
		{
			"from": [6.99675, 8.47845, 9.501],
			"to": [7.52095, 8.75115, 12.501],
			"rotation": {"angle": -45, "axis": "z", "origin": [7.56163, 7.21276, 10.3]},
			"faces": {
				"north": {"uv": [0, 1, 1, 2], "texture": "#1", "tintindex": 0},
				"up": {"uv": [2, 1, 8, 2], "rotation": 90, "texture": "#1", "tintindex": 0}
			}
		},
		{
			"from": [7.74999, 8.32933, 9.5],
			"to": [8.25, 8.7, 12.5],
			"rotation": {"angle": 0, "axis": "y", "origin": [8, 12.6, 0.3]},
			"faces": {
				"north": {"uv": [0, 1, 1, 2], "texture": "#1", "tintindex": 0},
				"up": {"uv": [2, 0, 8, 1], "rotation": 90, "texture": "#1", "tintindex": 0}
			}
		},
		{
			"from": [8.47905, 8.47845, 9.501],
			"to": [9.00325, 8.75115, 12.501],
			"rotation": {"angle": 45, "axis": "z", "origin": [8.43837, 7.21276, 10.3]},
			"faces": {
				"north": {"uv": [0, 1, 1, 2], "texture": "#1", "tintindex": 0},
				"up": {"uv": [2, 1, 8, 2], "rotation": 90, "texture": "#1", "tintindex": 0}
			}
		},
		{
			"from": [7.37933, 7.75005, 9.499],
			"to": [8.62067, 8.32933, 12.5],
			"rotation": {"angle": 0, "axis": "y", "origin": [7.99995, 8.00005, 8.5]},
			"faces": {
				"north": {"uv": [0, 1, 1, 2], "texture": "#1", "tintindex": 0},
				"east": {"uv": [2, 3, 8, 2], "rotation": 180, "texture": "#1", "tintindex": 0},
				"west": {"uv": [2, 2, 8, 3], "texture": "#1", "tintindex": 0}
			}
		}
	],
	"display": {
		"thirdperson_righthand": {
			"translation": [0, 1, -3.75],
			"scale": [1.1, 1.1, 1.1]
		},
		"firstperson_righthand": {
			"translation": [-3.5, 6, 3],
			"scale": [0.8, 0.8, 0.8]
		},
		"ground": {
			"translation": [0, 5, -2.75]
		},
		"gui": {
			"rotation": [30, 225, 0],
			"translation": [4.75, -0.25, 0],
			"scale": [2.5, 2.5, 2.5]
		},
		"fixed": {
			"rotation": [0, 90, 0],
			"translation": [-5, 2.75, -1.25],
			"scale": [2, 2, 2]
		}
	},
	"groups": [
		0,
		1,
		2,
		3,
		4,
		5,
		6,
		7,
		8,
		9,
		10,
		11,
		12,
		13,
		14,
		15,
		16,
		17,
		18,
		19,
		20,
		21,
		22,
		23,
		24,
		25,
		{
			"name": "group",
			"origin": [8.43837, 7.06276, 9.8],
			"color": 0,
			"children": [26, 27, 28, 29]
		}
	]
}