{
	"credit": "Made with Blockbench",
	"texture_size": [32, 32],
	"textures": {
		"0": "cgm:items/rifle",
		"2": "cgm:items/shotgun2",
		"3": "cgm:items/shotgun",
		"particle": "cgm:items/shotgun"
	},
	"elements": [
		{
			"from": [7.4, 3.8374, -1.149],
			"to": [7.71, 4.3356, 10.201],
			"rotation": {"angle": 45, "axis": "z", "origin": [8, 4.0865, 4.2]},
			"faces": {
				"north": {"uv": [0, 9.5, 0.5, 10], "texture": "#0"},
				"east": {"uv": [0, 10.5, 0.5, 11], "texture": "#0"},
				"south": {"uv": [0.5, 10, 1, 10.5], "texture": "#0"},
				"west": {"uv": [0, 10, 11.5, 10.5], "texture": "#0"}
			}
		},
		{
			"from": [8.29, 3.8374, -1.149],
			"to": [8.6, 4.3356, 10.201],
			"rotation": {"angle": -45, "axis": "z", "origin": [8, 4.0865, 4.2]},
			"faces": {
				"north": {"uv": [0.5, 9.5, 0, 10], "texture": "#0"},
				"east": {"uv": [11.5, 10, 0, 10.5], "texture": "#0"},
				"south": {"uv": [0.5, 10, 1, 10.5], "texture": "#0"},
				"west": {"uv": [0.5, 10.5, 0, 11], "texture": "#0"}
			}
		},
		{
			"from": [7.75289, 3.4865, -1.15],
			"to": [8.24711, 3.7865, 10.2],
			"rotation": {"angle": 0, "axis": "y", "origin": [8, 4.0865, 4.2]},
			"faces": {
				"north": {"uv": [0, 9.5, 0.5, 10], "texture": "#0"},
				"south": {"uv": [0.5, 10, 1, 10.5], "texture": "#0"},
				"up": {"uv": [0, 10.5, 0.5, 11], "texture": "#0"},
				"down": {"uv": [0, 10.5, 11.5, 11], "rotation": 270, "texture": "#0"}
			}
		},
		{
			"from": [7.7509, 4.3765, -1.149],
			"to": [8.2501, 4.6865, 10.201],
			"rotation": {"angle": -45, "axis": "z", "origin": [8, 4.0865, 4.2]},
			"faces": {
				"north": {"uv": [0.5, 9.5, 0, 10], "texture": "#0"},
				"south": {"uv": [0.5, 10, 1, 10.5], "texture": "#0"},
				"up": {"uv": [0, 9.5, 11.5, 9], "rotation": 90, "texture": "#0"},
				"down": {"uv": [0.5, 10.5, 0, 11], "texture": "#0"}
			}
		},
		{
			"from": [8.3, 3.83939, -1.15],
			"to": [8.6, 4.33361, 10.2],
			"rotation": {"angle": 0, "axis": "y", "origin": [8, 4.0865, 4.2]},
			"faces": {
				"north": {"uv": [0.5, 9.5, 0, 10], "texture": "#0"},
				"east": {"uv": [11.5, 9.5, 0, 10], "texture": "#0"},
				"south": {"uv": [0.5, 10, 1, 10.5], "texture": "#0"},
				"west": {"uv": [0.5, 10.5, 0, 11], "texture": "#0"}
			}
		},
		{
			"from": [7.75289, 4.3865, -1.15],
			"to": [8.24711, 4.6865, 10.2],
			"rotation": {"angle": 0, "axis": "y", "origin": [8, 4.0865, 4.2]},
			"faces": {
				"north": {"uv": [0, 9.5, 0.5, 10], "texture": "#0"},
				"south": {"uv": [0.5, 10, 1, 10.5], "texture": "#0"},
				"up": {"uv": [0, 8.5, 11.5, 9], "rotation": 90, "texture": "#0"},
				"down": {"uv": [0, 10.5, 0.5, 11], "texture": "#0"}
			}
		},
		{
			"from": [7.9, 4.68, -0.25],
			"to": [8.1, 5.2, 0.77],
			"rotation": {"angle": 0, "axis": "y", "origin": [8, 8, 4]},
			"faces": {
				"north": {"uv": [7.5, 15.5, 8, 16], "texture": "#2"},
				"east": {"uv": [7.5, 15.5, 8, 16], "texture": "#2"},
				"south": {"uv": [7.5, 15.5, 8, 16], "texture": "#2"},
				"west": {"uv": [7.5, 15.5, 8, 16], "texture": "#2"},
				"up": {"uv": [8, 16, 7.5, 15.5], "texture": "#2"}
			}
		},
		{
			"from": [7.7499, 4.3765, -1.149],
			"to": [8.2491, 4.6865, 10.201],
			"rotation": {"angle": 45, "axis": "z", "origin": [8, 4.0865, 4.2]},
			"faces": {
				"north": {"uv": [0, 9.5, 0.5, 10], "texture": "#0"},
				"south": {"uv": [0.5, 10, 1, 10.5], "texture": "#0"},
				"up": {"uv": [0, 9, 11.5, 9.5], "rotation": 90, "texture": "#0"},
				"down": {"uv": [0, 10.5, 0.5, 11], "texture": "#0"}
			}
		},
		{
			"from": [7.4, 3.83939, -1.15],
			"to": [7.7, 4.33361, 10.2],
			"rotation": {"angle": 0, "axis": "y", "origin": [8, 4.0865, 4.2]},
			"faces": {
				"north": {"uv": [0, 9.5, 0.5, 10], "texture": "#0"},
				"east": {"uv": [0, 10.5, 0.5, 11], "texture": "#0"},
				"south": {"uv": [0.5, 10, 1, 10.5], "texture": "#0"},
				"west": {"uv": [0, 9.5, 11.5, 10], "texture": "#0"}
			}
		},
		{
			"from": [7.7, 3.7865, 5.65],
			"to": [8.3, 4.4365, 6.15],
			"rotation": {"angle": 0, "axis": "y", "origin": [8, 7.9365, -0.3]},
			"faces": {
				"north": {"uv": [11.5, 0, 12, 0.5], "texture": "#0"}
			}
		},
		{
			"from": [7.2, 2.25, 10.2],
			"to": [8.8, 4.35, 14.7],
			"rotation": {"angle": 0, "axis": "y", "origin": [0, 0.25, -0.5]},
			"faces": {
				"north": {"uv": [0, 1, 0.5, 2.5], "texture": "#3", "tintindex": 0},
				"east": {"uv": [4, 1, 0.5, 2.5], "texture": "#3", "tintindex": 0},
				"south": {"uv": [4, 1, 5, 2.5], "texture": "#3", "tintindex": 0},
				"west": {"uv": [0.5, 1, 4, 2.5], "texture": "#3", "tintindex": 0},
				"down": {"uv": [0, 2.5, 3.5, 3.5], "rotation": 270, "texture": "#3", "tintindex": 0}
			}
		},
		{
			"from": [7.2, 3.85, 14.7],
			"to": [8.8, 4.35, 14.99],
			"rotation": {"angle": 0, "axis": "y", "origin": [0, 0.35, -0.2]},
			"faces": {
				"north": {"uv": [0, 1, 0.5, 1.5], "texture": "#3", "tintindex": 0},
				"east": {"uv": [4, 1, 3.5, 1.5], "texture": "#3", "tintindex": 0},
				"south": {"uv": [4, 1, 5, 1.5], "texture": "#3", "tintindex": 0},
				"west": {"uv": [3.5, 1, 4, 1.5], "texture": "#3", "tintindex": 0},
				"down": {"uv": [2, 3.5, 8, 5.5], "rotation": 270, "texture": "#3", "tintindex": 0}
			}
		},
		{
			"from": [7.2, 2.25, 14.7],
			"to": [8.8, 3.85, 16.2],
			"rotation": {"angle": 0, "axis": "y", "origin": [0, 0.25, -0.5]},
			"faces": {
				"east": {"uv": [4.5, 1.25, 3.5, 2.5], "texture": "#3", "tintindex": 0},
				"south": {"uv": [4, 1.25, 5, 2.5], "texture": "#3", "tintindex": 0},
				"west": {"uv": [3.5, 1.25, 4.5, 2.5], "texture": "#3", "tintindex": 0},
				"down": {"uv": [0, 2.5, 1, 3.5], "rotation": 90, "texture": "#3", "tintindex": 0}
			}
		},
		{
			"from": [8.234, 3.95, 10.2001],
			"to": [8.8, 4.35, 14.9891],
			"rotation": {"angle": -45, "axis": "z", "origin": [8.8, 4.35, 10]},
			"faces": {
				"north": {"uv": [4.5, 0.5, 5, 1], "texture": "#3", "tintindex": 0},
				"south": {"uv": [4, 0.5, 4.5, 1], "texture": "#3", "tintindex": 0},
				"up": {"uv": [0, 0.5, 3.5, 1], "rotation": 90, "texture": "#3", "tintindex": 0}
			}
		},
		{
			"from": [7.6, 4.35, 10.2],
			"to": [8.4, 4.75, 14.99],
			"rotation": {"angle": 0, "axis": "y", "origin": [0, 0.35, -0.5]},
			"faces": {
				"north": {"uv": [4, 0.5, 5, 1], "texture": "#3", "tintindex": 0},
				"south": {"uv": [4, 0.5, 5, 1], "texture": "#3", "tintindex": 0},
				"up": {"uv": [0, 0, 3.5, 0.5], "rotation": 90, "texture": "#3", "tintindex": 0}
			}
		},
		{
			"from": [7.6, 4.25, 14.99],
			"to": [8.4, 4.75, 16.3],
			"rotation": {"angle": 22.5, "axis": "x", "origin": [8, 4.75, 14.99]},
			"faces": {
				"north": {"uv": [4, 0.5, 5, 1], "texture": "#3", "tintindex": 0},
				"east": {"uv": [3, 1, 4, 1.5], "texture": "#3", "tintindex": 0},
				"south": {"uv": [4, 0.5, 5, 1], "texture": "#3", "tintindex": 0},
				"west": {"uv": [3, 1, 4, 1.5], "texture": "#3", "tintindex": 0},
				"up": {"uv": [0, 0, 3.5, 0.5], "rotation": 90, "texture": "#3", "tintindex": 0}
			}
		},
		{
			"from": [7.2, 3.95, 10.2001],
			"to": [7.766, 4.35, 14.9891],
			"rotation": {"angle": 45, "axis": "z", "origin": [7.2, 4.35, 10]},
			"faces": {
				"north": {"uv": [4.5, 0.5, 5, 1], "texture": "#3", "tintindex": 0},
				"south": {"uv": [4, 0.5, 4.5, 1], "texture": "#3", "tintindex": 0},
				"up": {"uv": [0, 0.5, 3.5, 1], "rotation": 90, "texture": "#3", "tintindex": 0}
			}
		},
		{
			"from": [7.2, 3.45, 14.99],
			"to": [7.766, 3.85, 16.199],
			"rotation": {"angle": 45, "axis": "z", "origin": [7.2, 3.85, 11.5]},
			"faces": {
				"north": {"uv": [4.5, 0.5, 5, 1], "texture": "#3", "tintindex": 0},
				"south": {"uv": [4, 0.5, 4.5, 1], "texture": "#3", "tintindex": 0},
				"up": {"uv": [0, 0.5, 3.5, 1], "rotation": 90, "texture": "#3", "tintindex": 0}
			}
		},
		{
			"from": [7.6, 3.85, 14.99],
			"to": [8.4, 4.25, 16.2],
			"rotation": {"angle": 0, "axis": "y", "origin": [0, -0.15, 1]},
			"faces": {
				"south": {"uv": [4, 0.5, 5, 1], "texture": "#3", "tintindex": 0},
				"up": {"uv": [0, 0, 3.5, 0.5], "rotation": 90, "texture": "#3", "tintindex": 0}
			}
		},
		{
			"from": [8.234, 3.45, 14.99],
			"to": [8.8, 3.85, 16.199],
			"rotation": {"angle": -45, "axis": "z", "origin": [8.8, 3.85, 11.5]},
			"faces": {
				"south": {"uv": [4, 0.5, 4.5, 1], "texture": "#3", "tintindex": 0},
				"up": {"uv": [0, 0.5, 3.5, 1], "rotation": 90, "texture": "#3", "tintindex": 0}
			}
		},
		{
			"from": [7.601, 4.76, 10.11574],
			"to": [8.399, 4.95, 10.4],
			"rotation": {"angle": -45, "axis": "x", "origin": [8, 4.95, 10.4]},
			"faces": {
				"north": {"uv": [0.5, 10, 0, 10.5], "texture": "#3", "tintindex": 0},
				"east": {"uv": [0.5, 10, 0, 10.5], "texture": "#3", "tintindex": 0},
				"west": {"uv": [0.5, 10, 0, 10.5], "texture": "#3", "tintindex": 0},
				"up": {"uv": [0.5, 9.5, 0, 10], "rotation": 90, "texture": "#3", "tintindex": 0}
			}
		},
		{
			"from": [7.6, 4.69, 10.4],
			"to": [8.4, 4.95, 14.78],
			"rotation": {"angle": 0, "axis": "y", "origin": [8, 8.65, 9.3]},
			"faces": {
				"east": {"uv": [0, 10, 12.5, 10.5], "texture": "#3", "tintindex": 0},
				"west": {"uv": [0, 10, 12.5, 10.5], "texture": "#3", "tintindex": 0},
				"up": {"uv": [0, 9.5, 4.5, 10], "rotation": 90, "texture": "#3", "tintindex": 0},
				"down": {"uv": [0, 10, 12.5, 10.5], "texture": "#3", "tintindex": 0}
			}
		},
		{
			"from": [7.601, 4.65, 14.78],
			"to": [8.399, 4.95, 15.20426],
			"rotation": {"angle": 45, "axis": "x", "origin": [8, 4.95, 14.78]},
			"faces": {
				"east": {"uv": [12, 10, 12.5, 10.5], "texture": "#3", "tintindex": 0},
				"west": {"uv": [12, 10, 12.5, 10.5], "texture": "#3", "tintindex": 0},
				"up": {"uv": [12, 9.5, 12.5, 10], "rotation": 90, "texture": "#3", "tintindex": 0}
			}
		},
		{
			"name": "main_grip",
			"from": [7.4, -1.1, 13.8],
			"to": [8.6, 2.6, 15.1],
			"rotation": {"angle": -22.5, "axis": "x", "origin": [8, 4.5, 15.1]},
			"faces": {
				"north": {"uv": [8, 0.5, 9, 4], "texture": "#2"},
				"east": {"uv": [7, 0.5, 8, 4], "texture": "#2"},
				"south": {"uv": [6, 0.5, 7, 4], "texture": "#2"},
				"west": {"uv": [5, 0.5, 6, 4], "texture": "#2"},
				"down": {"uv": [6, 4, 5, 5], "texture": "#2"}
			}
		},
		{
			"from": [7.8, 1.575, 14.425],
			"to": [8.2, 2.3, 14.95],
			"rotation": {"angle": 0, "axis": "y", "origin": [0, 0, 0.1]},
			"faces": {
				"north": {"uv": [9, 0, 9.5, 0.5], "texture": "#2"},
				"east": {"uv": [9, 0, 9.5, 0.5], "texture": "#2"},
				"west": {"uv": [9, 0, 9.5, 0.5], "texture": "#2"},
				"down": {"uv": [9.5, 0, 9, 0.5], "texture": "#2"}
			}
		},
		{
			"from": [7.7, 1.05032, 13.46977],
			"to": [8.3, 1.45032, 15.26977],
			"rotation": {"angle": 0, "axis": "y", "origin": [7.5, 8.15032, 8.06977]},
			"faces": {
				"east": {"uv": [8, 1, 9, 1.5], "texture": "#2"},
				"west": {"uv": [8, 1, 9, 1.5], "texture": "#2"},
				"up": {"uv": [8, 1, 9, 1.5], "rotation": 90, "texture": "#2"},
				"down": {"uv": [8, 1, 9, 1.5], "rotation": 90, "texture": "#2"}
			}
		},
		{
			"from": [7.701, 1.05032, 13.46977],
			"to": [8.299, 2.35032, 13.86977],
			"rotation": {"angle": -22.5, "axis": "x", "origin": [7.6, 1.05032, 13.46977]},
			"faces": {
				"north": {"uv": [8, 1, 9, 1.5], "rotation": 270, "texture": "#2"},
				"east": {"uv": [8, 1, 9, 1.5], "rotation": 270, "texture": "#2"},
				"south": {"uv": [8, 1, 9, 1.5], "rotation": 90, "texture": "#2"},
				"west": {"uv": [8, 1, 9, 1.5], "rotation": 90, "texture": "#2"}
			}
		},
		{
			"from": [7.5494, 2.6506, -0.1501],
			"to": [8.4494, 3.0506, 10.2],
			"rotation": {"angle": 0, "axis": "y", "origin": [7.8994, 7.1506, 8.2]},
			"faces": {
				"north": {"uv": [7.5, 13, 8, 13.5], "texture": "#2"},
				"east": {"uv": [0, 8, 6.5, 8.5], "rotation": 180, "texture": "#2"},
				"west": {"uv": [0, 8, 6.5, 8.5], "texture": "#2"}
			}
		},
		{
			"from": [7.8, 2.40119, -0.15],
			"to": [8.2, 3.30119, 10.2],
			"rotation": {"angle": 0, "axis": "y", "origin": [7.9, 7.30119, 8.2]},
			"faces": {
				"north": {"uv": [7.5, 13, 8, 13.5], "texture": "#2"},
				"up": {"uv": [0, 9, 6.5, 9.5], "rotation": 270, "texture": "#2"},
				"down": {"uv": [0, 9, 6.5, 9.5], "rotation": 270, "texture": "#2"}
			}
		},
		{
			"from": [8.12869, 2.28931, -0.149],
			"to": [8.32869, 2.64131, 10.201],
			"rotation": {"angle": -45, "axis": "z", "origin": [8.3994, 2.5006, 1.2]},
			"faces": {
				"north": {"uv": [7.5, 13, 8, 13.5], "texture": "#2"},
				"east": {"uv": [0, 8.5, 6.5, 9], "rotation": 180, "texture": "#2"}
			}
		},
		{
			"from": [7.67131, 2.28931, -0.149],
			"to": [7.87131, 2.64131, 10.201],
			"rotation": {"angle": 45, "axis": "z", "origin": [7.6006, 2.5006, 1.2]},
			"faces": {
				"north": {"uv": [7.5, 13, 8, 13.5], "texture": "#2"},
				"west": {"uv": [0, 8.5, 6.5, 9], "texture": "#2"}
			}
		},
		{
			"from": [7.82333, 3.11022, -0.149],
			"to": [8.17533, 3.31022, 10.201],
			"rotation": {"angle": 45, "axis": "z", "origin": [7.9994, 2.8506, 2.1]},
			"faces": {
				"north": {"uv": [7.5, 13, 8, 13.5], "rotation": 90, "texture": "#2"},
				"up": {"uv": [0, 8.5, 6.5, 9], "rotation": 90, "texture": "#2"}
			}
		},
		{
			"from": [8.26022, 2.67453, -0.149],
			"to": [8.46022, 3.02653, 10.201],
			"rotation": {"angle": 45, "axis": "z", "origin": [8.0006, 2.8506, 2.1]},
			"faces": {
				"north": {"uv": [7.5, 13, 8, 13.5], "rotation": 180, "texture": "#2"},
				"east": {"uv": [0, 8.5, 6.5, 9], "rotation": 180, "texture": "#2"}
			}
		},
		{
			"from": [7.8, 3.30119, 0.85],
			"to": [8.2, 3.55119, 10.2],
			"rotation": {"angle": 0, "axis": "y", "origin": [7.9, 7.55119, 8.2]},
			"faces": {
				"north": {"uv": [7.5, 13, 8, 13.5], "texture": "#2"},
				"east": {"uv": [1, 9, 6.5, 9.5], "rotation": 180, "texture": "#2"},
				"west": {"uv": [1, 9, 6.5, 9.5], "texture": "#2"}
			}
		},
		{
			"from": [7.7, 2.80119, 3.35],
			"to": [8.3, 3.65119, 3.95],
			"rotation": {"angle": 0, "axis": "y", "origin": [7.9, 7.30119, 8.95]},
			"faces": {
				"north": {"uv": [7.5, 13, 8, 13.5], "texture": "#2"},
				"east": {"uv": [0, 8.5, 0.5, 9], "texture": "#2"},
				"south": {"uv": [7.5, 13, 8, 13.5], "texture": "#2"},
				"west": {"uv": [0, 8.5, 0.5, 9], "texture": "#2"},
				"up": {"uv": [0, 9, 0.5, 9.5], "texture": "#2"},
				"down": {"uv": [0, 9, 0.5, 9.5], "texture": "#2"}
			}
		},
		{
			"from": [7.7, 2.80119, 9.8],
			"to": [8.3, 3.65119, 10.2],
			"rotation": {"angle": 0, "axis": "y", "origin": [7.9, 7.30119, 15.2]},
			"faces": {
				"north": {"uv": [7.5, 13, 8, 13.5], "texture": "#2"},
				"east": {"uv": [0, 8.5, 0.5, 9], "texture": "#2"},
				"south": {"uv": [7.5, 13, 8, 13.5], "texture": "#2"},
				"west": {"uv": [0, 8.5, 0.5, 9], "texture": "#2"},
				"up": {"uv": [0, 9, 0.5, 9.5], "texture": "#2"},
				"down": {"uv": [0, 9, 0.5, 9.5], "texture": "#2"}
			}
		},
		{
			"from": [7.4494, 2.5506, 0.35],
			"to": [8.5494, 3.1506, 1.05],
			"rotation": {"angle": 0, "axis": "y", "origin": [7.8994, 7.1506, 5.95]},
			"faces": {
				"north": {"uv": [7.5, 13, 8, 13.5], "texture": "#2"},
				"east": {"uv": [0, 8, 0.5, 8.5], "texture": "#2"},
				"south": {"uv": [7.5, 13, 8, 13.5], "texture": "#2"},
				"west": {"uv": [0, 8, 0.5, 8.5], "texture": "#2"}
			}
		},
		{
			"from": [7.72333, 3.21022, 0.351],
			"to": [8.07533, 3.41022, 1.051],
			"rotation": {"angle": 45, "axis": "z", "origin": [7.8994, 2.9506, -0.15]},
			"faces": {
				"north": {"uv": [7.5, 13, 8, 13.5], "rotation": 90, "texture": "#2"},
				"south": {"uv": [7.5, 13, 8, 13.5], "rotation": 90, "texture": "#2"},
				"up": {"uv": [0, 8.5, 0.5, 9], "texture": "#2"}
			}
		},
		{
			"from": [7.7, 2.30119, 0.35],
			"to": [8.3, 3.65119, 1.05],
			"rotation": {"angle": 0, "axis": "y", "origin": [7.9, 7.30119, 5.95]},
			"faces": {
				"north": {"uv": [7.5, 13, 8, 13.5], "texture": "#2"},
				"east": {"uv": [0, 8.5, 0.5, 9], "texture": "#2"},
				"south": {"uv": [7.5, 13, 8, 13.5], "texture": "#2"},
				"west": {"uv": [0, 8.5, 0.5, 9], "texture": "#2"},
				"up": {"uv": [0, 9, 0.5, 9.5], "texture": "#2"},
				"down": {"uv": [0, 9, 0.5, 9.5], "texture": "#2"}
			}
		},
		{
			"from": [8.36022, 2.77453, 0.351],
			"to": [8.56022, 3.12653, 1.051],
			"rotation": {"angle": 45, "axis": "z", "origin": [8.1006, 2.9506, -0.15]},
			"faces": {
				"north": {"uv": [7.5, 13, 8, 13.5], "rotation": 180, "texture": "#2"},
				"east": {"uv": [0, 8.5, 0.5, 9], "texture": "#2"},
				"south": {"uv": [7.5, 13, 8, 13.5], "rotation": 180, "texture": "#2"}
			}
		},
		{
			"from": [8.22869, 2.18931, 0.351],
			"to": [8.42869, 2.54131, 1.051],
			"rotation": {"angle": -45, "axis": "z", "origin": [8.4994, 2.4006, -1.05]},
			"faces": {
				"north": {"uv": [7.5, 13, 8, 13.5], "texture": "#2"},
				"east": {"uv": [0, 9, 0.5, 9.5], "texture": "#2"},
				"south": {"uv": [7.5, 13, 8, 13.5], "texture": "#2"}
			}
		},
		{
			"from": [7.57131, 2.18931, 0.351],
			"to": [7.77131, 2.54131, 1.051],
			"rotation": {"angle": 45, "axis": "z", "origin": [7.5006, 2.4006, -1.05]},
			"faces": {
				"north": {"uv": [7.5, 13, 8, 13.5], "texture": "#2"},
				"south": {"uv": [7.5, 13, 8, 13.5], "texture": "#2"},
				"west": {"uv": [0, 9, 0.5, 9.5], "texture": "#2"}
			}
		},
		{
			"from": [7.35, 2.5, 4.125],
			"to": [8.65, 3.6, 10.2],
			"rotation": {"angle": 0, "axis": "y", "origin": [8, 1.9, 9.8]},
			"faces": {
				"north": {"uv": [12, 3.5, 10.5, 3], "rotation": 180, "texture": "#2", "tintindex": 0},
				"east": {"uv": [11.75, 3.5, 12.5, 0], "rotation": 270, "texture": "#2", "tintindex": 0},
				"south": {"uv": [10.5, 3, 12, 3.5], "texture": "#2", "tintindex": 0},
				"west": {"uv": [10, 3.5, 10.75, 0], "rotation": 90, "texture": "#2", "tintindex": 0}
			}
		},
		{
			"from": [7.3636, 2.53787, 4.126],
			"to": [7.6636, 3.03213, 10.199],
			"rotation": {"angle": 45, "axis": "z", "origin": [8, 2.75, 4.2]},
			"faces": {
				"north": {"uv": [11, 3.5, 10.5, 3], "rotation": 270, "texture": "#2", "tintindex": 0},
				"south": {"uv": [10.5, 3, 11, 3.5], "rotation": 270, "texture": "#2", "tintindex": 0},
				"west": {"uv": [11.125, 0, 10.5, 3.5], "rotation": 270, "texture": "#2", "tintindex": 0}
			}
		},
		{
			"from": [7.7, 2.15, 4.125],
			"to": [8.3, 3.95, 10.2],
			"rotation": {"angle": 0, "axis": "y", "origin": [8, 1.25, 9.8]},
			"faces": {
				"north": {"uv": [11.75, 3, 10.75, 3.5], "rotation": 180, "texture": "#2", "tintindex": 0},
				"south": {"uv": [10.75, 3, 11.75, 3.5], "texture": "#2", "tintindex": 0},
				"up": {"uv": [9.5, 3.5, 10, 0], "rotation": 180, "texture": "#2", "tintindex": 0},
				"down": {"uv": [11, 3.5, 11.5, 0], "texture": "#2", "tintindex": 0}
			}
		},
		{
			"from": [8.3364, 2.53787, 4.126],
			"to": [8.6364, 3.03213, 10.199],
			"rotation": {"angle": -45, "axis": "z", "origin": [8, 2.75, 4.2]},
			"faces": {
				"north": {"uv": [12, 3, 11.5, 3.5], "rotation": 270, "texture": "#2", "tintindex": 0},
				"east": {"uv": [11.375, 3.5, 12, 0], "rotation": 270, "texture": "#2", "tintindex": 0},
				"south": {"uv": [11.5, 3, 12, 3.5], "rotation": 270, "texture": "#2", "tintindex": 0}
			}
		},
		{
			"from": [7.78787, 3.6864, 4.126],
			"to": [8.28213, 3.9864, 10.199],
			"rotation": {"angle": -45, "axis": "z", "origin": [8, 3.35, 4.2]},
			"faces": {
				"north": {"uv": [11, 3.5, 10.5, 3], "rotation": 180, "texture": "#2", "tintindex": 0},
				"south": {"uv": [10.5, 3, 11, 3.5], "texture": "#2", "tintindex": 0},
				"up": {"uv": [9.5, 0, 10.125, 3.5], "texture": "#2", "tintindex": 0}
			}
		},
		{
			"from": [7.3636, 3.06787, 4.126],
			"to": [7.6636, 3.56213, 10.199],
			"rotation": {"angle": -45, "axis": "z", "origin": [8, 3.35, 4.2]},
			"faces": {
				"north": {"uv": [12, 3, 11.5, 3.5], "rotation": 90, "texture": "#2", "tintindex": 0},
				"south": {"uv": [11.5, 3, 12, 3.5], "rotation": 90, "texture": "#2", "tintindex": 0},
				"west": {"uv": [13, 3.5, 12.375, 0], "rotation": 90, "texture": "#2", "tintindex": 0}
			}
		},
		{
			"from": [7.701, 4.93604, 10.58396],
			"to": [8.299, 5.23604, 10.79816],
			"rotation": {"angle": 45, "axis": "x", "origin": [8, 11.3, 4.01]},
			"faces": {
				"east": {"uv": [0.5, 10, 0, 10.5], "texture": "#3", "tintindex": 0},
				"west": {"uv": [0.5, 10, 0, 10.5], "texture": "#3", "tintindex": 0},
				"down": {"uv": [0.5, 10, 0, 10.5], "texture": "#3", "tintindex": 0}
			}
		},
		{
			"from": [7.7, 2, 4.31],
			"to": [8.3, 2.3, 10.03],
			"rotation": {"angle": 0, "axis": "y", "origin": [8.4, 6.9, 3.95]},
			"faces": {
				"east": {"uv": [0, 10, 12.5, 10.5], "texture": "#3", "tintindex": 0},
				"west": {"uv": [0, 10, 12.5, 10.5], "texture": "#3", "tintindex": 0},
				"down": {"uv": [0, 9.5, 5.5, 10], "rotation": 90, "texture": "#3", "tintindex": 0}
			}
		},
		{
			"from": [7.701, 4.93604, 16.30396],
			"to": [8.299, 5.14604, 16.51816],
			"rotation": {"angle": 45, "axis": "x", "origin": [8, 11.3, 9.73]},
			"faces": {
				"east": {"uv": [0.5, 10, 0, 10.5], "texture": "#3", "tintindex": 0},
				"south": {"uv": [0.5, 10, 0, 10.5], "texture": "#3", "tintindex": 0},
				"west": {"uv": [0.5, 10, 0, 10.5], "texture": "#3", "tintindex": 0}
			}
		}
	],
	"display": {},
	"groups": [
		{
			"name": "barrel",
			"origin": [8, 3.8365, 3.8],
			"color": 0,
			"nbt": "{}",
			"children": [0, 1, 2, 3, 4, 5, 6, 7, 8, 9]
		},
		{
			"name": "body",
			"origin": [7.2, 4, 10.5],
			"color": 0,
			"nbt": "{}",
			"children": [10, 11, 12, 13, 14, 15, 16, 17, 18, 19, 20, 21, 22]
		},
		{
			"name": "grip",
			"origin": [7.6, 0.85032, 13.46977],
			"color": 0,
			"nbt": "{}",
			"children": [23, 24, 25, 26]
		},
		{
			"name": "tube",
			"origin": [8, 8, 8],
			"color": 0,
			"nbt": "{}",
			"children": [
				27,
				28,
				29,
				30,
				31,
				32,
				{
					"name": "group",
					"origin": [7.6006, 2.5006, 1.7],
					"color": 0,
					"nbt": "{}",
					"children": [33, 34, 35]
				},
				{
					"name": "group",
					"origin": [7.6006, 2.5006, 1.7],
					"color": 0,
					"nbt": "{}",
					"children": [36, 37, 38, 39, 40, 41]
				}
			]
		},
		{
			"name": "pump",
			"origin": [8, 8, 8],
			"color": 0,
			"nbt": "{}",
			"children": [
				42,
				43,
				44,
				45,
				46,
				47,
				{
					"name": "group",
					"origin": [8, 11.3, 9.05],
					"color": 0,
					"nbt": "{}",
					"children": [48, 49, 50]
				}
			]
		}
	]
}